0.001446,-0.001813,0.000056
-0.000424,-0.002327,-0.000549
0.002862,-0.003050,-0.000553
-0.001392,-0.004459,-0.000655
0.000517,-0.002565,-0.001544
-0.001754,-0.002999,-0.000809
0.000051,-0.002462,0.001590
0.001460,-0.001651,-0.000884
-0.000533,-0.002889,-0.001067
-0.000036,-0.002392,-0.001078
0.000150,-0.004006,-0.000964
0.001282,-0.002001,0.000200
0.002380,0.001869,0.002662
0.000560,0.001404,0.002150
0.003697,0.000595,0.002173
-0.000392,-0.000998,0.001709
0.001457,0.001327,0.001014
-0.000635,0.000847,0.001865
0.000993,0.001608,0.004388
0.002354,0.002084,0.001811
0.000600,0.000696,0.001538
0.000852,0.001158,0.001275
0.001199,-0.000561,0.001612
0.002279,0.001832,0.002956
-0.004637,-0.001958,0.000327
-0.007341,-0.002572,-0.001576
-0.003151,-0.003343,-0.001105
-0.008704,-0.004400,-0.000146
-0.005884,-0.002533,-0.001450
-0.009457,-0.003159,-0.001361
-0.006878,-0.002335,0.001011
-0.005028,-0.001791,-0.001427
-0.007705,-0.002934,-0.001215
-0.006583,-0.002552,-0.000437
-0.006590,-0.004241,-0.001017
-0.004990,-0.001970,-0.000920
-0.000591,-0.000569,0.000518
-0.002449,-0.001062,-0.000258
0.000820,-0.001871,-0.000160
-0.003450,-0.003291,-0.000311
-0.001517,-0.001132,-0.001116
-0.003767,-0.001641,-0.000417
-0.002004,-0.000907,0.002059
-0.000589,-0.000367,-0.000463
-0.002501,-0.001697,-0.000666
-0.002155,-0.001253,-0.000768
-0.001836,-0.002970,-0.000577
-0.000655,-0.000678,0.000509
-0.000916,-0.002082,0.000596
-0.002346,-0.002718,0.000744
0.000746,-0.003555,0.000378
-0.003075,-0.005085,-0.000355
-0.001779,-0.003071,-0.000815
-0.003420,-0.003658,-0.000150
-0.001815,-0.003115,0.002398
-0.000646,-0.002034,-0.000088
-0.002319,-0.003585,-0.000611
-0.001952,-0.002755,-0.000412
-0.001849,-0.004442,-0.000154
-0.000940,-0.002339,0.001597
0.000243,0.002295,0.003685
-0.001618,0.001827,0.003014
0.001591,0.000970,0.003081
-0.002602,-0.000562,0.002728
-0.000703,0.001833,0.002036
-0.002858,0.001289,0.002795
-0.001194,0.002163,0.005323
0.000208,0.002530,0.002753
-0.001585,0.001123,0.002510
-0.001319,0.001553,0.002328
-0.000964,-0.000229,0.002573
0.000156,0.002291,0.003790
-0.001423,-0.002080,-0.002655
-0.003638,-0.002638,-0.003858
0.000073,-0.003549,-0.003704
-0.004735,-0.004919,-0.003431
-0.002575,-0.002524,-0.004285
-0.005269,-0.003174,-0.003946
-0.003223,-0.002027,-0.001526
-0.001575,-0.001817,-0.003980
-0.003726,-0.003189,-0.004011
-0.002970,-0.002810,-0.003443
-0.002894,-0.004715,-0.003947
-0.001605,-0.001937,-0.003251
0.002119,0.001802,0.002917
0.000266,0.001323,0.002323
0.003466,0.000551,0.002378
-0.000712,-0.000960,0.002052
0.001205,0.001177,0.001265
-0.000991,0.000716,0.002075
0.000714,0.001336,0.004571
0.002095,0.001984,0.002019
0.000239,0.000658,0.001778
0.000548,0.001135,0.001543
0.000872,-0.000516,0.001888
0.002004,0.001674,0.003130
-0.259109,0.013113,0.706778
-0.138958,0.039596,0.874906
-0.261641,0.030969,0.788098
-0.104383,0.068315,0.677223
-0.193299,0.018021,0.708135
-0.061094,0.041409,0.817463
-0.158065,0.024323,0.797953
-0.186532,0.043460,0.776098
-0.096142,0.034459,0.748452
-0.182928,0.042919,0.652343
-0.154719,0.046781,0.721278
-0.243626,0.034519,0.870431
-0.025150,0.031953,0.692892
0.111130,0.049130,0.859817
-0.001182,0.042977,0.773486
0.133402,0.029592,0.669803
0.038397,0.017884,0.710358
0.178203,0.034990,0.808382
0.090788,-0.000430,0.794616
0.062614,0.048513,0.772245
0.139066,0.044827,0.750624
0.045938,0.052199,0.649249
0.086406,0.051008,0.714703
0.021322,0.034505,0.854096
0.001795,-0.002518,-0.000916
-0.000046,-0.003042,-0.001670
0.003145,-0.003712,-0.001536
-0.001028,-0.005185,-0.001726
0.000943,-0.003188,-0.002591
-0.001343,-0.003621,-0.001828
0.000423,-0.003099,0.000651
0.001801,-0.002338,-0.001881
-0.000130,-0.003597,-0.002087
0.000221,-0.003145,-0.002298
0.000546,-0.004712,-0.001987
0.001652,-0.002733,-0.000844
0.002073,-0.000469,0.001311
0.000149,-0.000931,0.000544
0.003324,-0.001662,0.000739
-0.000890,-0.003242,0.000458
0.001147,-0.001040,-0.000397
-0.001100,-0.001497,0.000424
0.000579,-0.000925,0.002951
0.001952,-0.000268,0.000372
0.000111,-0.001603,0.000150
0.000318,-0.001184,-0.000237
0.000756,-0.002765,0.000273
0.001963,-0.000628,0.001398
0.001091,-0.000533,0.000445
-0.000485,-0.001035,0.000118
0.002478,-0.001525,0.000132
-0.001352,-0.002905,-0.000222
0.000441,-0.001601,-0.001221
-0.001626,-0.001813,-0.000229
0.000077,-0.001926,0.002215
0.001280,-0.000481,-0.000291
-0.000670,-0.001600,-0.000626
-0.000375,-0.001000,-0.001120
-0.000057,-0.002222,-0.000378
0.000950,-0.001089,0.001055
0.001883,0.003324,0.001803
-0.000039,0.002828,0.001131
0.003207,0.002067,0.001230
-0.001032,0.000491,0.000955
0.000934,0.002690,0.000138
-0.001352,0.002235,0.000903
0.000395,0.002833,0.003420
0.001804,0.003511,0.000860
-0.000069,0.002170,0.000635
0.000299,0.002618,0.000473
0.000592,0.000981,0.000759
0.001747,0.003203,0.001947
-0.000144,-0.001427,0.000594
-0.001915,-0.002089,-0.000432
0.001180,-0.002795,-0.000257
-0.002837,-0.003986,-0.000327
-0.000941,-0.001963,-0.001119
-0.003416,-0.002435,-0.000455
-0.001506,-0.001765,0.001941
-0.000045,-0.001225,-0.000530
-0.001929,-0.002460,-0.000685
-0.001253,-0.001978,-0.000496
-0.001182,-0.003815,-0.000735
-0.000319,-0.001550,0.000411
-0.000139,0.002074,0.002970
-0.002014,0.001576,0.002233
0.001191,0.000870,0.002383
-0.003016,-0.000589,0.002132
-0.001010,0.001419,0.001272
-0.003307,0.000978,0.002059
-0.001549,0.001484,0.004569
-0.000171,0.002239,0.002010
-0.002085,0.000952,0.001783
-0.001775,0.001429,0.001504
-0.001419,-0.000134,0.001931
-0.000275,0.001866,0.003088
-0.001212,-0.002228,-0.000100
-0.003052,-0.002724,-0.000656
0.000181,-0.003484,-0.000671
-0.004000,-0.004954,-0.000903
-0.002138,-0.002890,-0.001710
-0.004329,-0.003342,-0.000939
-0.002590,-0.002678,0.001502
-0.001195,-0.002034,-0.001007
-0.003099,-0.003334,-0.001226
-0.002667,-0.002856,-0.001278
-0.002445,-0.004528,-0.001147
-0.001356,-0.002333,0.000101
-0.000148,-0.000551,0.002459
-0.002072,-0.001032,0.001737
0.001197,-0.001876,0.001820
-0.003086,-0.003415,0.001530
-0.001125,-0.001024,0.000806
-0.003366,-0.001572,0.001542
-0.001650,-0.000694,0.004051
-0.000219,-0.000321,0.001488
-0.002058,-0.001707,0.001283
-0.001742,-0.001276,0.001146
-0.001409,-0.003056,0.001341
-0.000253,-0.000544,0.002502
0.018942,0.071238,-0.213614
0.050159,0.083275,0.006225
-0.082568,0.044411,-0.027461
0.159989,0.052799,-0.307802
0.063520,-0.006901,-0.240782
0.121864,0.047500,-0.041843
-0.026575,-0.203991,0.022316
-0.011262,0.030896,-0.076627
0.184580,0.063076,-0.171502
0.088413,0.064689,-0.344792
0.084417,0.033723,-0.141477
-0.040486,0.027449,0.149163
0.022201,-0.030709,-0.638256
0.105557,-0.085066,-0.539374
0.052567,0.044615,-0.553352
0.184673,-0.086316,-0.668078
0.101015,-0.238491,-0.646272
0.157059,-0.208650,-0.591937
0.112971,-0.454230,-0.539414
0.066002,-0.114772,-0.600628
0.153976,0.023438,-0.616099
0.124536,0.039185,-0.689128
0.111602,0.120322,-0.618700
0.005550,-0.234255,-0.489947
0.000047,-0.003225,0.000188
-0.001644,-0.003823,-0.000658
0.001334,-0.004428,-0.000509
-0.002632,-0.005893,-0.000759
-0.000701,-0.003772,-0.001552
-0.002989,-0.004170,-0.000662
-0.001213,-0.003522,0.001715
0.000162,-0.002992,-0.000804
-0.001668,-0.004177,-0.000937
-0.001265,-0.003763,-0.001167
-0.000976,-0.005473,-0.001084
-0.000102,-0.003333,0.000185
0.000724,-0.000376,0.002937
-0.001354,-0.000579,0.002622
0.001890,-0.001379,0.002571
-0.002504,-0.003160,0.002163
-0.000351,-0.000992,0.001071
-0.002495,-0.001167,0.002341
-0.000954,-0.000540,0.004724
0.000526,-0.000012,0.002082
-0.001307,-0.001353,0.001938
-0.001095,-0.001135,0.001405
-0.000735,-0.002583,0.001903
0.000391,-0.000208,0.003387
-0.000071,-0.003308,-0.000598
-0.001921,-0.003802,-0.001231
0.001304,-0.004590,-0.001197
-0.002884,-0.006139,-0.001474
-0.001009,-0.003883,-0.002222
-0.003181,-0.004381,-0.001476
-0.001478,-0.003600,0.000998
-0.000081,-0.003088,-0.001527
-0.001935,-0.004439,-0.001748
-0.001578,-0.003998,-0.001845
-0.001293,-0.005707,-0.001685
-0.000185,-0.003362,-0.000483
-0.000084,0.000269,0.006685
-0.001152,-0.000045,0.005173
0.002344,-0.002237,0.004962
-0.002539,-0.002426,0.004247
-0.000757,0.001745,0.004619
-0.002707,0.000100,0.005108
-0.000863,0.003988,0.007754
0.000934,0.001056,0.004855
-0.000335,-0.001197,0.004544
-0.000704,-0.000999,0.005039
0.000020,-0.004373,0.004255
0.000620,0.001897,0.005775
0.070146,0.037699,0.529393
0.186529,0.053310,0.687463
0.067229,0.046901,0.617633
0.234402,0.028995,0.500360
0.127354,0.024463,0.548575
0.241149,0.050460,0.620882
0.176977,0.029342,0.628679
0.132569,0.048144,0.610150
0.211169,0.024770,0.560116
0.152650,0.040774,0.490162
0.172155,0.051458,0.557702
0.117067,0.042255,0.691273
0.107787,0.043743,0.298980
0.200873,0.058031,0.425051
0.104277,0.051548,0.376590
0.247051,0.040473,0.268979
0.163128,0.033461,0.308788
0.257357,0.055351,0.377630
0.194349,0.030470,0.388516
0.160067,0.051925,0.367579
0.230051,0.035082,0.326419
0.171370,0.045338,0.249889
0.192797,0.052630,0.322333
0.137564,0.043465,0.437964
-0.000070,0.000246,-0.000065
-0.001886,-0.000254,-0.000651
0.001326,-0.000937,-0.000620
-0.002849,-0.002334,-0.000775
-0.000941,-0.000543,-0.001690
-0.003169,-0.000936,-0.000894
-0.001400,-0.000530,0.001525
-0.000034,0.000389,-0.000965
-0.002007,-0.000829,-0.001180
-0.001599,-0.000321,-0.001347
-0.001344,-0.001856,-0.001048
-0.000212,-0.000021,0.000147
0.000333,0.003699,0.002139
-0.001563,0.003192,0.001329
0.001688,0.002402,0.001459
-0.002569,0.000876,0.001242
-0.000602,0.003193,0.000478
-0.002885,0.002672,0.001186
-0.001132,0.003475,0.003690
0.000290,0.003925,0.001143
-0.001582,0.002576,0.000949
-0.001250,0.002986,0.000813
-0.000912,0.001253,0.001002
0.000240,0.003644,0.002104
0.001522,-0.000971,-0.000319
-0.000291,-0.001474,-0.000881
0.002901,-0.002214,-0.000871
-0.001237,-0.003757,-0.001163
0.000617,-0.001635,-0.001942
-0.001540,-0.002090,-0.001162
0.000168,-0.001438,0.001294
0.001540,-0.000776,-0.001218
-0.000330,-0.002089,-0.001450
0.000044,-0.001621,-0.001576
0.000308,-0.003261,-0.001366
0.001391,-0.001090,-0.000118
0.001592,0.001896,0.002675
-0.000176,0.001273,0.001750
0.002851,0.000694,0.002028
-0.001105,-0.000523,0.001805
0.000894,0.001111,0.000869
-0.001637,0.000792,0.001680
0.000282,0.000935,0.004154
0.001655,0.001980,0.001632
-0.000270,0.000818,0.001394
0.000270,0.001387,0.001177
0.000462,-0.000123,0.001549
0.001410,0.001508,0.002753
0.001899,-0.000604,-0.001701
-0.000048,-0.001172,-0.002573
0.003399,-0.001745,-0.002453
-0.001051,-0.003011,-0.002254
0.001040,-0.001545,-0.003350
-0.001542,-0.001932,-0.002774
0.000503,-0.001667,-0.000387
0.001934,-0.000510,-0.002816
-0.000329,-0.001627,-0.002951
0.000350,-0.001105,-0.002826
0.000476,-0.002478,-0.002714
0.001683,-0.000976,-0.001810
0.002473,0.001667,0.000808
0.000626,0.001176,0.000177
0.003821,0.000447,0.000269
-0.000356,-0.001058,-0.000037
0.001592,0.000996,-0.000860
-0.000648,0.000552,-0.000054
0.001089,0.001072,0.002452
0.002456,0.001827,-0.000102
0.000570,0.000527,-0.000345
0.000879,0.001012,-0.000623
0.001216,-0.000572,-0.000205
0.002359,0.001475,0.001009
0.001129,-0.004998,-0.001510
-0.000846,-0.005440,-0.002188
0.002428,-0.006267,-0.002071
-0.001889,-0.007806,-0.002435
0.000150,-0.005549,-0.003234
-0.002146,-0.006026,-0.002410
-0.000418,-0.005312,0.000101
0.001005,-0.004800,-0.002475
-0.000847,-0.006169,-0.002696
-0.000550,-0.005698,-0.002972
-0.000201,-0.007380,-0.002565
0.000989,-0.005025,-0.001369
0.001468,-0.001605,0.000797
-0.000449,-0.002103,0.000044
0.002833,-0.002902,0.000144
-0.001450,-0.004415,-0.000073
0.000512,-0.002162,-0.000855
-0.001771,-0.002674,-0.000149
-0.000011,-0.001910,0.002344
0.001414,-0.001397,-0.000192
-0.000480,-0.002748,-0.000394
-0.000108,-0.002307,-0.000489
0.000191,-0.004015,-0.000302
0.001355,-0.001669,0.000812
-0.000590,-0.001447,-0.002294
-0.002551,-0.001992,-0.003155
0.000831,-0.002745,-0.003060
-0.003555,-0.004213,-0.003071
-0.001562,-0.002067,-0.003921
-0.003969,-0.002575,-0.003321
-0.002099,-0.001817,-0.000893
-0.000628,-0.001238,-0.003369
-0.002642,-0.002527,-0.003505
-0.002103,-0.002101,-0.003380
-0.001910,-0.003797,-0.003438
-0.000745,-0.001526,-0.002446
-0.000168,0.002468,0.000998
-0.002134,0.001960,0.000216
0.001230,0.001115,0.000295
-0.003142,-0.000369,0.000120
-0.001169,0.001942,-0.000642
-0.003510,0.001395,-0.000003
-0.001701,0.002269,0.002494
-0.000235,0.002684,-0.000041
-0.002156,0.001301,-0.000232
-0.001701,0.001749,-0.000164
-0.001461,-0.000023,-0.000131
-0.000292,0.002474,0.000959
-0.003028,-0.002352,-0.000351
-0.005050,-0.002898,-0.001312
-0.001524,-0.003503,-0.001209
-0.006180,-0.004905,-0.000901
-0.003985,-0.003121,-0.001984
-0.006558,-0.003558,-0.001372
-0.004534,-0.002973,0.000937
-0.003037,-0.002164,-0.001504
-0.005313,-0.003267,-0.001498
-0.004711,-0.002865,-0.001382
-0.004495,-0.004389,-0.001471
-0.003237,-0.002531,-0.000640
-0.002639,0.002549,0.002828
-0.004618,0.002047,0.002061
-0.001195,0.001204,0.002136
-0.005645,-0.000289,0.001974
-0.003636,0.001939,0.001172
-0.006030,0.001414,0.001811
-0.004171,0.002189,0.004298
-0.002697,0.002734,0.001774
-0.004672,0.001372,0.001591
-0.004199,0.001840,0.001636
-0.003971,0.000125,0.001737
-0.002758,0.002514,0.002798
0.001016,-0.001003,0.000426
-0.000832,-0.001505,-0.000202
0.002386,-0.002244,-0.000161
-0.001811,-0.003670,-0.000367
0.000111,-0.001656,-0.001204
-0.002111,-0.002114,-0.000423
-0.000372,-0.001519,0.002034
0.001020,-0.000821,-0.000496
-0.000891,-0.002103,-0.000706
-0.000516,-0.001619,-0.000845
-0.000238,-0.003270,-0.000615
0.000873,-0.001165,0.000599
0.001531,0.002677,0.003306
-0.000371,0.002185,0.002598
0.002888,0.001370,0.002678
-0.001360,-0.000176,0.002406
0.000573,0.002146,0.001659
-0.001670,0.001628,0.002387
0.000060,0.002433,0.004890
0.001480,0.002895,0.002343
-0.000374,0.001527,0.002130
-0.000024,0.001961,0.002018
0.000279,0.000223,0.002203
0.001423,0.002642,0.003364
0.001335,-0.000378,0.001125
-0.000411,-0.000867,0.000725
0.002720,-0.001636,0.000648
-0.001319,-0.003109,0.000283
0.000442,-0.001047,-0.000465
-0.001608,-0.001488,0.000377
0.000050,-0.000846,0.002833
0.001399,-0.000190,0.000306
-0.000421,-0.001514,0.000034
-0.000054,-0.001003,-0.000083
0.000185,-0.002689,0.000113
0.001210,-0.000495,0.001510
0.002014,0.003733,0.004795
-0.000148,0.003215,0.003630
0.003328,0.002517,0.003959
-0.001296,0.001144,0.004087
0.001025,0.003106,0.003042
-0.001676,0.002619,0.003637
0.000309,0.003138,0.006126
0.001812,0.003892,0.003587
-0.000322,0.002642,0.003490
0.000162,0.003074,0.003416
0.000483,0.001546,0.003690
0.001829,0.003536,0.004465
0.000740,-0.004511,-0.001816
-0.001056,-0.004976,-0.002291
0.002054,-0.005761,-0.002301
-0.002022,-0.007326,-0.002728
-0.000172,-0.005074,-0.003451
-0.002232,-0.005551,-0.002552
-0.000623,-0.004833,-0.000087
0.000734,-0.004296,-0.002642
-0.001031,-0.005630,-0.002882
-0.000793,-0.005167,-0.003198
-0.000445,-0.006885,-0.002858
0.000623,-0.004579,-0.001502
0.001013,-0.001308,0.000106
-0.000836,-0.001889,-0.000872
0.002271,-0.002678,-0.000646
-0.001809,-0.003985,-0.000910
0.000163,-0.001782,-0.001670
-0.002292,-0.002254,-0.000911
-0.000456,-0.001573,0.001559
0.001006,-0.001105,-0.000977
-0.000794,-0.002413,-0.001169
-0.000296,-0.001941,-0.001247
-0.000095,-0.003771,-0.001165
0.000874,-0.001379,0.000012
-0.000204,-0.001964,-0.000791
-0.002022,-0.002456,-0.001281
0.001170,-0.003198,-0.001304
-0.002968,-0.004679,-0.001583
-0.001115,-0.002676,-0.002399
-0.003272,-0.003108,-0.001580
-0.001558,-0.002549,0.000858
-0.000190,-0.001796,-0.001652
-0.002075,-0.003076,-0.001885
-0.001689,-0.002572,-0.002039
-0.001442,-0.004205,-0.001787
-0.000342,-0.002128,-0.000500
0.000207,0.001317,0.001626
-0.001620,0.000841,0.001040
0.001515,0.000056,0.001117
-0.002592,-0.001469,0.000692
-0.000687,0.000758,-0.000049
-0.002838,0.000289,0.000797
-0.001183,0.000944,0.003350
0.000182,0.001513,0.000745
-0.001599,0.000139,0.000470
-0.001358,0.000612,0.000177
-0.000987,-0.001067,0.000580
0.000097,0.001214,0.001902
0.001916,-0.000600,0.001410
0.000002,-0.001115,0.000728
0.003337,-0.001935,0.000729
-0.000987,-0.003350,0.000592
0.000933,-0.001171,-0.000192
-0.001352,-0.001697,0.000481
0.000448,-0.000868,0.002930
0.001903,-0.000388,0.000414
-0.000035,-0.001725,0.000233
0.000459,-0.001254,0.000345
0.000653,-0.003033,0.000298
0.001771,-0.000622,0.001461
0.002435,0.001756,0.003016
0.000262,0.001551,0.002592
0.003570,0.000749,0.002590
-0.000919,-0.000989,0.002242
0.001329,0.001168,0.001116
-0.000906,0.000972,0.002353
0.000659,0.001633,0.004728
0.002181,0.002125,0.002087
0.000305,0.000789,0.001977
0.000559,0.001011,0.001492
0.000899,-0.000445,0.001949
0.002034,0.001949,0.003357
-0.002411,-0.002647,-0.000463
-0.004360,-0.003148,-0.001179
-0.001039,-0.003879,-0.001101
-0.005358,-0.005364,-0.001242
-0.003361,-0.003327,-0.002118
-0.005704,-0.003781,-0.001400
-0.003897,-0.003170,0.001045
-0.002466,-0.002463,-0.001459
-0.004447,-0.003740,-0.001638
-0.003992,-0.003282,-0.001702
-0.003752,-0.004885,-0.001522
-0.002589,-0.002779,-0.000418
-0.002000,-0.000735,0.001903
-0.003891,-0.001219,0.001158
-0.000623,-0.002053,0.001253
-0.004883,-0.003589,0.000999
-0.002953,-0.001243,0.000260
-0.005188,-0.001772,0.000972
-0.003460,-0.000934,0.003476
-0.002038,-0.000511,0.000934
-0.003896,-0.001885,0.000723
-0.003570,-0.001464,0.000599
-0.003244,-0.003216,0.000790
-0.002076,-0.000766,0.001910
-0.004225,-0.000703,-0.000061
-0.005828,-0.001204,-0.000456
-0.002870,-0.001879,-0.000453
-0.006726,-0.003336,-0.000980
-0.004967,-0.001410,-0.001724
-0.006952,-0.001799,-0.000774
-0.005340,-0.001358,0.001743
-0.004082,-0.000547,-0.000838
-0.005842,-0.001850,-0.001174
-0.005647,-0.001309,-0.001583
-0.005270,-0.002860,-0.001048
-0.004317,-0.000948,0.000448
-0.002413,0.001975,0.001826
-0.004930,0.001409,0.000017
-0.000940,0.000478,0.000432
-0.006193,-0.000765,0.001094
-0.003651,0.001722,0.000100
-0.006776,0.000957,0.000202
-0.004524,0.002282,0.002662
-0.002729,0.002282,0.000181
-0.005091,0.000914,0.000289
-0.004243,0.001183,0.001016
-0.004118,-0.000744,0.000366
-0.002659,0.002186,0.000611
0.000611,-0.002040,-0.000241
-0.001257,-0.002548,-0.000873
0.001989,-0.003265,-0.000822
-0.002218,-0.004724,-0.001046
-0.000288,-0.002747,-0.001897
-0.002568,-0.003174,-0.001140
-0.000783,-0.002614,0.001328
0.000611,-0.001869,-0.001193
-0.001331,-0.003156,-0.001419
-0.000891,-0.002666,-0.001502
-0.000652,-0.004253,-0.001283
0.000446,-0.002198,-0.000073
0.000793,0.001362,0.002024
-0.001072,0.000890,0.001444
0.002091,0.000074,0.001504
-0.002053,-0.001572,0.001096
-0.000168,0.000824,0.000381
-0.002289,0.000327,0.001207
-0.000663,0.001062,0.003724
0.000718,0.001580,0.001156
-0.001036,0.000192,0.000910
-0.000793,0.000628,0.000639
-0.000436,-0.001104,0.000974
0.000699,0.001309,0.002241
0.000716,-0.001530,-0.000412
-0.001115,-0.002041,-0.001037
0.002126,-0.002763,-0.001018
-0.002102,-0.004164,-0.001184
-0.000178,-0.002225,-0.002043
-0.002437,-0.002667,-0.001270
-0.000639,-0.002082,0.001149
0.000752,-0.001359,-0.001353
-0.001207,-0.002606,-0.001545
-0.000781,-0.002114,-0.001648
-0.000533,-0.003745,-0.001461
0.000579,-0.001692,-0.000261
0.000577,0.002267,0.001927
-0.001410,0.001754,0.001086
0.001923,0.001006,0.001247
-0.002439,-0.000521,0.001134
-0.000389,0.001627,0.000253
-0.002800,0.001154,0.000933
-0.000972,0.001747,0.003427
0.000475,0.002450,0.000895
-0.001489,0.001141,0.000720
-0.001059,0.001571,0.000635
-0.000782,-0.000050,0.000850
0.000435,0.002122,0.001877
-0.000179,-0.001455,-0.000213
-0.001868,-0.001931,-0.000509
0.001181,-0.002671,-0.000600
-0.002758,-0.004184,-0.001079
-0.001030,-0.002159,-0.001815
-0.003005,-0.002565,-0.000889
-0.001400,-0.002013,0.001580
-0.000096,-0.001281,-0.000964
-0.001868,-0.002596,-0.001270
-0.001575,-0.002068,-0.001531
-0.001293,-0.003703,-0.001182
-0.000297,-0.001612,0.000310
0.001355,0.002889,0.002529
-0.000487,0.002364,0.001748
0.002713,0.001716,0.001904
-0.001480,0.000273,0.001755
0.000518,0.002167,0.000844
-0.001812,0.001755,0.001606
-0.000008,0.002179,0.004070
0.001364,0.003044,0.001554
-0.000606,0.001817,0.001354
-0.000244,0.002283,0.001110
0.000084,0.000770,0.001480
0.001226,0.002618,0.002580
0.000223,-0.001127,-0.001615
-0.001656,-0.001627,-0.002285
0.001621,-0.002479,-0.002273
-0.002631,-0.004029,-0.002534
-0.000762,-0.001618,-0.003227
-0.002943,-0.002173,-0.002533
-0.001233,-0.001215,-0.000063
0.000203,-0.000877,-0.002585
-0.001637,-0.002273,-0.002787
-0.001248,-0.001846,-0.002765
-0.000991,-0.003663,-0.002758
0.000111,-0.001079,-0.001576
0.000840,0.001623,0.001298
-0.001072,0.001208,0.000778
0.002146,0.000323,0.000732
-0.002026,-0.001052,0.000429
-0.000143,0.001157,-0.000316
-0.002224,0.000599,0.000528
-0.000655,0.001440,0.002958
0.000788,0.001880,0.000426
-0.001017,0.000539,0.000217
-0.000704,0.000984,0.000043
-0.000444,-0.000823,0.000221
0.000629,0.001608,0.001499
-0.000458,-0.002096,-0.001147
-0.002192,-0.002624,-0.002000
0.001150,-0.003510,-0.001928
-0.003133,-0.004836,-0.001915
-0.001353,-0.002716,-0.002686
-0.003568,-0.003264,-0.002159
-0.001731,-0.002490,0.000302
-0.000309,-0.001929,-0.002148
-0.002288,-0.003272,-0.002366
-0.001860,-0.002818,-0.002240
-0.001615,-0.004597,-0.002249
-0.000363,-0.002267,-0.001325
0.001043,0.001294,0.000225
-0.000788,0.000803,-0.000424
0.002389,0.000002,-0.000345
-0.001759,-0.001508,-0.000721
0.000139,0.000767,-0.001439
-0.002033,0.000264,-0.000658
-0.000349,0.001022,0.001884
0.001033,0.001504,-0.000701
-0.000770,0.000116,-0.000962
-0.000490,0.000583,-0.001153
-0.000142,-0.001135,-0.000861
0.000943,0.001232,0.000404
-0.324497,0.042687,-0.615958
-0.125759,0.065634,-0.422199
-0.261694,0.056742,-0.534125
-0.131137,0.025368,-0.619928
-0.250300,0.032647,-0.585615
-0.070372,0.055258,-0.476359
-0.159224,0.024448,-0.506732
-0.190299,0.070686,-0.523080
-0.112907,0.061040,-0.539897
-0.244633,0.054534,-0.667334
-0.173326,0.060500,-0.589060
-0.207098,0.061071,-0.452091
-0.281797,-0.162856,-0.743268
-0.207559,-0.190234,-0.603420
-0.265239,-0.107469,-0.651158
-0.178022,-0.197094,-0.739552
-0.288762,-0.348336,-0.729360
-0.136395,-0.319874,-0.664779
-0.235619,-0.495136,-0.673926
-0.277279,-0.239205,-0.684551
-0.183680,-0.111017,-0.682981
-0.229003,-0.040192,-0.751543
-0.242078,-0.010611,-0.691147
-0.260375,-0.338301,-0.606298
-0.002110,-0.000062,0.005204
-0.004027,-0.000526,0.004506
-0.000805,-0.001236,0.004630
-0.005046,-0.002752,0.004383
-0.003014,-0.000698,0.003505
-0.005315,-0.001121,0.004338
-0.003566,-0.000558,0.006811
-0.002176,0.000127,0.004264
-0.004099,-0.001137,0.004068
-0.003793,-0.000702,0.003740
-0.003431,-0.002269,0.004159
-0.002263,-0.000216,0.005318
-0.004654,0.003456,0.009622
-0.006275,0.003124,0.009465
-0.003498,0.002048,0.009375
-0.007175,0.000149,0.008230
-0.005606,0.003406,0.007984
-0.007113,0.002779,0.009129
-0.005960,0.004154,0.011768
-0.004691,0.003829,0.009056
-0.005899,0.002168,0.008646
-0.006176,0.002531,0.007884
-0.005542,0.000425,0.008502
-0.004591,0.003781,0.010268
-0.082639,0.046319,0.540826
0.004745,0.062104,0.684865
-0.097613,0.059555,0.634303
0.054913,0.054554,0.496663
-0.014448,0.047111,0.541591
0.095982,0.049993,0.641112
-0.004234,0.025628,0.648561
-0.035967,0.058325,0.615767
0.058558,0.049477,0.584021
-0.030173,0.063049,0.466005
0.000121,0.062963,0.566945
-0.084486,0.047734,0.705262
-0.048235,0.073218,0.335641
0.084558,0.086453,0.572239
-0.069133,0.070676,0.480923
0.151161,0.047814,0.280300
0.035675,0.024318,0.340806
0.148042,0.058352,0.525566
0.031101,-0.092294,0.537352
0.019260,0.065300,0.466735
0.160185,0.099421,0.423102
0.042113,0.092016,0.237759
0.075184,0.082305,0.384026
-0.023823,0.047109,0.623970
0.000611,0.002297,-0.000937
-0.001243,0.001689,-0.002349
0.002034,-0.000687,-0.002769
-0.002215,-0.003041,-0.003539
-0.000922,0.004774,-0.002330
-0.002564,0.002455,-0.002314
-0.001489,0.008327,0.000287
0.000571,0.003592,-0.002477
0.000204,0.000798,-0.002528
0.000457,0.000413,-0.000635
0.000473,-0.004367,-0.003778
0.000716,0.005180,-0.002365
0.005105,0.008689,-0.000759
0.003336,0.008186,-0.001212
0.006413,0.007414,-0.001152
0.002290,0.005789,-0.001638
0.004232,0.007941,-0.002444
0.002057,0.007525,-0.001462
0.003747,0.007767,0.001077
0.005084,0.008780,-0.001553
0.003335,0.007453,-0.001821
0.003508,0.007972,-0.002352
0.003903,0.006381,-0.001680
0.005077,0.008401,-0.000287
-0.000086,0.000141,0.000343
-0.002000,-0.000367,-0.000377
0.001275,-0.001095,-0.000297
-0.003013,-0.002553,-0.000419
-0.001032,-0.000501,-0.001290
-0.003315,-0.000987,-0.000570
-0.001540,-0.000355,0.001877
-0.000136,0.000330,-0.000635
-0.002084,-0.000965,-0.000821
-0.001677,-0.000494,-0.000895
-0.001399,-0.002122,-0.000706
-0.000230,-0.000004,0.000403
-0.000393,0.002739,0.002995
-0.002298,0.002255,0.002345
0.000915,0.001490,0.002450
-0.003300,-0.000094,0.002142
-0.001332,0.002112,0.001328
-0.003585,0.001659,0.002133
-0.001871,0.002218,0.004654
-0.000474,0.002921,0.002083
-0.002321,0.001587,0.001855
-0.002015,0.002034,0.001594
-0.001681,0.000396,0.001969
-0.000512,0.002594,0.003173
-0.145011,0.053993,-0.146078
0.008075,0.070787,0.022875
-0.108715,0.061154,-0.068065
0.015119,0.047211,-0.165174
-0.077498,0.054693,-0.125023
0.072432,0.064921,-0.024046
-0.014880,0.048888,-0.042396
-0.043194,0.077519,-0.063722
0.037047,0.066153,-0.084067
-0.076613,0.067216,-0.196746
-0.020848,0.062780,-0.125472
-0.072461,0.072320,0.012969
0.008800,-0.011214,-0.005921
0.006913,-0.011790,-0.007029
0.010275,-0.012298,-0.006776
0.005766,-0.013756,-0.006549
0.008005,-0.011920,-0.007611
0.005459,-0.012360,-0.006954
0.007441,-0.011917,-0.004526
0.008863,-0.011031,-0.007061
0.006655,-0.012133,-0.007095
0.007034,-0.011781,-0.007280
0.007451,-0.013216,-0.007073
0.008674,-0.011525,-0.006245
0.098262,0.051993,-0.188802
0.161751,0.076824,-0.037972
0.075870,0.060185,-0.084791
0.205932,0.056665,-0.233823
0.150658,0.031036,-0.197423
0.211552,0.069688,-0.086550
0.150879,0.031009,-0.073076
0.126638,0.051070,-0.112426
0.202777,0.046483,-0.154581
0.140904,0.050850,-0.276169
0.161845,0.066334,-0.155450
0.109589,0.051494,-0.006796
0.078555,0.060189,-0.523711
0.163229,0.078448,-0.386931
0.076381,0.069191,-0.426998
0.225068,0.068960,-0.567252
0.142986,0.039999,-0.524588
0.220258,0.072803,-0.451106
0.163943,0.037088,-0.420874
0.129503,0.062826,-0.453747
0.201546,0.040242,-0.512051
0.136332,0.055134,-0.601022
0.166587,0.075108,-0.490391
0.100857,0.056850,-0.348514
0.002071,-0.001975,-0.001263
0.000202,-0.002485,-0.001878
0.003494,-0.003247,-0.001887
-0.000776,-0.004674,-0.002023
0.001127,-0.002677,-0.002871
-0.001126,-0.003136,-0.002131
0.000660,-0.002509,0.000260
0.002085,-0.001796,-0.002213
0.000124,-0.003059,-0.002388
0.000599,-0.002569,-0.002397
0.000793,-0.004244,-0.002314
0.001920,-0.002105,-0.001147
0.002353,0.000680,0.000659
0.000532,0.000198,0.000087
0.003692,-0.000565,0.000136
-0.000429,-0.002114,-0.000228
0.001453,0.000063,-0.000990
-0.000697,-0.000398,-0.000167
0.000980,0.000244,0.002326
0.002342,0.000870,-0.000220
0.000517,-0.000462,-0.000470
0.000806,0.000007,-0.000728
0.001138,-0.001644,-0.000377
0.002246,0.000559,0.000889
-0.212618,0.036014,0.498081
-0.142318,0.042744,0.623642
-0.221382,0.033959,0.576289
-0.097889,0.040586,0.453555
-0.159326,0.030703,0.502200
-0.088927,0.037377,0.577114
-0.148622,0.012404,0.593615
-0.171475,0.037871,0.562058
-0.101607,0.030226,0.527336
-0.161439,0.047898,0.444285
-0.141853,0.041915,0.519337
-0.209002,0.034006,0.650670
-0.157371,0.044995,0.282472
-0.090482,0.073903,0.457307
-0.174507,0.057699,0.392815
-0.045637,0.062804,0.221385
-0.088366,0.045674,0.257546
-0.025453,0.075873,0.398622
-0.107499,0.053552,0.407029
-0.113559,0.066457,0.354350
-0.016149,0.056962,0.321539
-0.102942,0.055439,0.187113
-0.071927,0.058958,0.303816
-0.170065,0.075646,0.497949
0.001914,-0.002558,-0.000019
0.000044,-0.003049,-0.000657
0.003277,-0.003834,-0.000616
-0.000922,-0.005386,-0.000891
0.000970,-0.003140,-0.001652
-0.001225,-0.003628,-0.000899
0.000485,-0.002866,0.001574
0.001888,-0.002340,-0.000952
0.000029,-0.003685,-0.001169
0.000394,-0.003244,-0.001275
0.000676,-0.004948,-0.001103
0.001790,-0.002614,0.000097
0.002333,0.001394,0.002632
0.000433,0.000896,0.001922
0.003650,0.000103,0.002039
-0.000595,-0.001385,0.001723
0.001409,0.000859,0.000947
-0.000880,0.000361,0.001734
0.000864,0.001029,0.004295
0.002273,0.001582,0.001675
0.000431,0.000213,0.001442
0.000731,0.000679,0.001231
0.001087,-0.001023,0.001554
0.002220,0.001300,0.002789
-0.008506,0.039531,-0.652765
0.123182,0.051800,-0.508878
0.001695,0.043248,-0.572315
0.167452,0.039177,-0.677968
0.056082,0.038239,-0.628009
0.187211,0.054542,-0.560992
0.110432,0.037583,-0.555120
0.068865,0.056362,-0.570349
0.152201,0.034474,-0.615381
0.067310,0.044016,-0.700814
0.107543,0.042846,-0.626674
0.051285,0.045231,-0.500147
-0.076696,0.021884,-0.810506
0.113346,0.034684,-0.653588
-0.029442,0.027179,-0.726649
0.145456,0.020676,-0.828261
0.015699,0.015582,-0.777226
0.180037,0.029591,-0.696481
0.093251,-0.009585,-0.698430
0.047001,0.038365,-0.713315
0.128805,0.028419,-0.749792
-0.002480,0.033314,-0.886192
0.075753,0.034333,-0.778348
0.029187,0.016642,-0.652929
0.001352,-0.000507,0.000094
-0.000472,-0.001025,-0.000588
0.002752,-0.001789,-0.000534
-0.001446,-0.003255,-0.000773
0.000451,-0.001113,-0.001548
-0.001775,-0.001603,-0.000813
-0.000017,-0.000890,0.001654
0.001378,-0.000310,-0.000868
-0.000513,-0.001632,-0.001084
-0.000130,-0.001163,-0.001169
0.000147,-0.002849,-0.001001
0.001244,-0.000607,0.000187
0.001679,0.001956,0.002437
-0.000206,0.001462,0.001740
0.003035,0.000682,0.001830
-0.001201,-0.000807,0.001552
0.000757,0.001380,0.000769
-0.001506,0.000889,0.001524
0.000243,0.001593,0.004031
0.001646,0.002151,0.001475
-0.000234,0.000808,0.001250
0.000110,0.001272,0.001092
0.000428,-0.000405,0.001358
0.001560,0.001868,0.002543
0.000928,-0.003485,0.000984
-0.000949,-0.003906,0.000674
0.002260,-0.004983,0.000515
-0.001922,-0.006663,-0.000195
-0.000176,-0.003707,-0.000585
-0.002052,-0.004413,0.000252
-0.000586,-0.003038,0.002805
0.000837,-0.003175,0.000177
-0.000720,-0.004767,-0.000106
-0.000567,-0.004295,-0.000244
-0.000216,-0.006408,-0.000130
0.000837,-0.003160,0.001383
0.001395,0.000376,0.004505
-0.000664,-0.000121,0.003265
0.002774,-0.000852,0.003582
-0.001873,-0.002390,0.003654
0.000438,0.000038,0.002762
-0.002100,-0.000541,0.003390
-0.000214,0.000453,0.005903
0.001289,0.000668,0.003293
-0.000766,-0.000638,0.003255
-0.000504,-0.000357,0.003087
0.000008,-0.002062,0.003232
0.001287,0.000408,0.004028
-0.001410,0.073491,-0.025001
0.065783,0.087588,0.085456
-0.012466,0.074482,0.047139
0.108397,0.070838,-0.056040
0.042645,0.065689,-0.022987
0.121403,0.079150,0.045543
0.057834,0.052175,0.055354
0.033992,0.077283,0.033743
0.101657,0.061813,-0.001174
0.047549,0.075958,-0.072992
0.062692,0.074821,-0.001298
0.010465,0.073482,0.105536
0.009027,0.013700,0.000175
0.006824,0.013137,-0.000936
0.010488,0.012386,-0.000745
0.005732,0.011084,-0.000467
0.007971,0.012966,-0.001504
0.005179,0.012461,-0.001061
0.007295,0.013078,0.001343
0.008880,0.013848,-0.001101
0.006620,0.012620,-0.001156
0.007397,0.013090,-0.000806
0.007470,0.011480,-0.000958
0.008784,0.013567,-0.000227
0.055991,0.057723,-0.342213
0.163662,0.072251,-0.178963
0.039290,0.060109,-0.237407
0.236019,0.054322,-0.385749
0.119981,0.043659,-0.326521
0.215759,0.073860,-0.256485
0.156719,0.043313,-0.226273
0.108619,0.061253,-0.255498
0.199481,0.027985,-0.325760
0.144462,0.055053,-0.393260
0.162498,0.066297,-0.303906
0.099633,0.058263,-0.149267
0.077396,0.053231,0.114868
0.191543,0.064970,0.242884
0.066893,0.056317,0.202001
0.264586,0.055949,0.078341
0.145780,0.041152,0.128462
0.261298,0.064066,0.188256
0.186122,0.027098,0.209768
0.138045,0.058116,0.191394
0.226460,0.029904,0.130332
0.163214,0.053428,0.063182
0.184888,0.060954,0.145721
0.115911,0.043997,0.270309
0.000409,-0.001295,0.001251
-0.001473,-0.001813,0.000599
0.001828,-0.002497,0.000639
-0.002453,-0.003831,0.000566
-0.000486,-0.002098,-0.000385
-0.002832,-0.002499,0.000349
-0.000978,-0.002083,0.002769
0.000428,-0.001160,0.000278
-0.001617,-0.002376,0.000084
-0.001103,-0.001851,0.000060
-0.000909,-0.003387,0.000249
0.000229,-0.001545,0.001398
0.000456,0.001932,0.003553
-0.001483,0.001447,0.002860
0.001763,0.000675,0.002972
-0.002493,-0.000908,0.002700
-0.000503,0.001326,0.001883
-0.002790,0.000860,0.002664
-0.001057,0.001480,0.005170
0.000357,0.002125,0.002612
-0.001509,0.000793,0.002404
-0.001175,0.001229,0.002182
-0.000854,-0.000428,0.002503
0.000324,0.001819,0.003666
-0.000339,0.000144,0.020898
-0.002459,-0.000078,0.020276
0.000820,-0.001224,0.020080
-0.003411,-0.003404,0.019551
-0.001679,0.000554,0.019120
-0.003134,-0.000206,0.020050
-0.002208,0.002629,0.022264
-0.000577,0.001095,0.019788
-0.001879,-0.000765,0.019731
-0.001659,-0.000855,0.020220
-0.001477,-0.003259,0.019192
-0.000873,0.001451,0.020580
-0.116877,0.041283,-0.319008
0.028896,0.058179,-0.164647
-0.090985,0.056568,-0.246714
0.049414,0.033126,-0.334914
-0.046070,0.035579,-0.298155
0.092266,0.055923,-0.204337
0.010817,0.035114,-0.222167
-0.022379,0.067082,-0.237923
0.051241,0.061725,-0.257476
-0.045645,0.052249,-0.371239
0.002276,0.056989,-0.303691
-0.055868,0.050411,-0.179218
-0.000108,-0.000319,-0.001492
-0.001962,-0.000811,-0.002016
0.001327,-0.001564,-0.002071
-0.002928,-0.002943,-0.002221
-0.001040,-0.001062,-0.003095
-0.003276,-0.001497,-0.002318
-0.001483,-0.000916,0.000064
-0.000072,-0.000151,-0.002411
-0.002053,-0.001394,-0.002601
-0.001562,-0.000883,-0.002621
-0.001389,-0.002520,-0.002506
-0.000275,-0.000467,-0.001280
-0.000685,0.001543,-0.001667
-0.002111,0.001073,-0.001432
0.000898,-0.000144,-0.001849
-0.002823,-0.002083,-0.002864
-0.001802,0.000991,-0.002971
-0.002968,0.000248,-0.002307
-0.001719,0.001591,0.000273
-0.000572,0.001750,-0.002180
-0.001864,-0.000108,-0.002768
-0.001885,0.000543,-0.002751
-0.001538,-0.001552,-0.002473
-0.000403,0.001700,-0.000783
0.000500,-0.003536,-0.000511
-0.001264,-0.004022,-0.000913
0.001872,-0.004763,-0.000977
-0.002186,-0.006267,-0.001316
-0.000396,-0.004249,-0.002101
-0.002461,-0.004674,-0.001241
-0.000800,-0.004109,0.001191
0.000543,-0.003361,-0.001319
-0.001298,-0.004647,-0.001571
-0.000947,-0.004140,-0.001760
-0.000693,-0.005783,-0.001494
0.000371,-0.003698,-0.000135
0.000160,-0.000617,0.002026
-0.001700,-0.001112,0.001314
0.001506,-0.001860,0.001427
-0.002695,-0.003359,0.001167
-0.000736,-0.001225,0.000357
-0.002989,-0.001695,0.001131
-0.001249,-0.001072,0.003625
0.000136,-0.000432,0.001080
-0.001748,-0.001743,0.000860
-0.001435,-0.001287,0.000625
-0.001092,-0.002922,0.000963
0.000054,-0.000763,0.002124
-0.000444,-0.003332,-0.001684
-0.002295,-0.003825,-0.002299
0.000933,-0.004546,-0.002255
-0.003263,-0.006030,-0.002475
-0.001348,-0.004040,-0.003329
-0.003574,-0.004465,-0.002549
-0.001828,-0.003913,-0.000105
-0.000443,-0.003155,-0.002610
-0.002372,-0.004431,-0.002826
-0.001981,-0.003956,-0.002974
-0.001713,-0.005543,-0.002713
-0.000591,-0.003502,-0.001520
-0.000140,0.000319,0.001103
-0.001975,-0.000159,0.000533
0.001187,-0.000921,0.000589
-0.002946,-0.002464,0.000232
-0.001044,-0.000316,-0.000554
-0.003213,-0.000764,0.000283
-0.001529,-0.000179,0.002783
-0.000164,0.000501,0.000226
-0.001994,-0.000826,-0.000024
-0.001705,-0.000358,-0.000303
-0.001373,-0.001991,0.000081
-0.000254,0.000176,0.001350
-0.001183,-0.002328,0.000053
-0.002633,-0.002960,0.000270
0.000514,-0.003857,-0.000177
-0.003364,-0.005426,-0.000920
-0.002102,-0.003280,-0.001323
-0.003706,-0.003919,-0.000672
-0.002119,-0.003236,0.001841
-0.000916,-0.002256,-0.000625
-0.002571,-0.003826,-0.001123
-0.002174,-0.003006,-0.000844
-0.002121,-0.004792,-0.000717
-0.001218,-0.002500,0.001057
-0.000355,0.001193,0.001657
-0.002238,0.000732,0.001084
0.000944,-0.000019,0.001157
-0.003224,-0.001563,0.000769
-0.001269,0.000570,-0.000033
-0.003480,0.000134,0.000825
-0.001787,0.000734,0.003336
-0.000415,0.001380,0.000763
-0.002257,0.000049,0.000512
-0.001968,0.000526,0.000207
-0.001623,-0.001082,0.000638
-0.000504,0.001081,0.001922
-0.000790,-0.003776,-0.008258
-0.002546,-0.004325,-0.008688
0.000635,-0.005099,-0.008822
-0.003428,-0.006423,-0.009062
-0.001698,-0.004450,-0.009813
-0.003804,-0.004934,-0.009048
-0.002089,-0.004238,-0.006653
-0.000688,-0.003579,-0.009140
-0.002553,-0.004876,-0.009370
-0.002010,-0.004327,-0.009217
-0.001927,-0.006113,-0.009327
-0.000995,-0.003871,-0.007929
-0.000739,-0.001043,-0.006148
-0.002352,-0.001549,-0.006298
0.000682,-0.002182,-0.006441
-0.003193,-0.003674,-0.006913
-0.001520,-0.002039,-0.007745
-0.003499,-0.002334,-0.006789
-0.001837,-0.002148,-0.004381
-0.000581,-0.000956,-0.006856
-0.002442,-0.002170,-0.007186
-0.002067,-0.001558,-0.007470
-0.001867,-0.002989,-0.007000
-0.000886,-0.001395,-0.005468
0.000216,0.000425,-0.002157
-0.001648,-0.000076,-0.002794
0.001593,-0.000817,-0.002747
-0.002613,-0.002326,-0.002981
-0.000701,-0.000243,-0.003799
-0.002939,-0.000695,-0.003043
-0.001189,-0.000067,-0.000587
0.000207,0.000613,-0.003097
-0.001705,-0.000686,-0.003312
-0.001304,-0.000221,-0.003424
-0.001044,-0.001849,-0.003212
0.000073,0.000295,-0.002025
-0.000715,0.003453,0.000243
-0.002655,0.002951,-0.000529
0.000646,0.002208,-0.000404
-0.003669,0.000737,-0.000567
-0.001649,0.002808,-0.001430
-0.004007,0.002339,-0.000713
-0.002197,0.002945,0.001764
-0.000775,0.003629,-0.000762
-0.002736,0.002336,-0.000952
-0.002331,0.002798,-0.001080
-0.002042,0.001186,-0.000821
-0.000859,0.003308,0.000263
-0.090801,0.042108,0.180568
-0.023231,0.079758,0.415423
-0.104519,0.046460,0.330173
0.001968,0.086641,0.096473
-0.014697,0.058661,0.149897
0.015702,0.075502,0.327216
-0.046773,0.062059,0.352614
-0.052394,0.050219,0.264824
0.061632,0.035868,0.216312
-0.054647,0.061077,0.046769
-0.000348,0.062158,0.227859
-0.076881,0.087694,0.482806
-0.150546,0.062784,-0.003633
-0.100100,0.098657,0.204587
-0.172531,0.074570,0.143159
-0.059601,0.097094,-0.082291
-0.076325,0.050942,-0.044570
-0.038566,0.081153,0.129548
-0.113676,0.048151,0.155699
-0.121801,0.058300,0.076178
-0.021291,0.052269,0.027846
-0.119563,0.071953,-0.140153
-0.081858,0.090939,0.042130
-0.167171,0.082990,0.267394
-0.000136,-0.000699,-0.000520
-0.001927,-0.001201,-0.001038
0.001277,-0.001965,-0.001076
-0.002895,-0.003371,-0.001325
-0.001041,-0.001371,-0.002123
-0.003189,-0.001838,-0.001321
-0.001462,-0.001213,0.001103
-0.000084,-0.000524,-0.001408
-0.001979,-0.001808,-0.001627
-0.001599,-0.001292,-0.001739
-0.001346,-0.002975,-0.001549
-0.000260,-0.000838,-0.000265
0.000377,0.002158,0.001779
-0.001378,0.001776,0.001396
0.001663,0.000870,0.001336
-0.002253,-0.000641,0.000788
-0.000543,0.001746,0.000166
-0.002370,0.001209,0.001095
-0.000972,0.002109,0.003589
0.000388,0.002450,0.001029
-0.001243,0.001026,0.000721
-0.001119,0.001438,0.000366
-0.000755,-0.000370,0.000714
0.000247,0.002165,0.002139
-0.001660,0.000355,-0.001152
-0.003367,-0.000079,-0.001433
-0.000339,-0.000955,-0.001527
-0.004256,-0.002680,-0.002182
-0.002596,-0.000140,-0.002742
-0.004434,-0.000633,-0.001813
-0.002958,0.000273,0.000702
-0.001643,0.000605,-0.001867
-0.003246,-0.000848,-0.002191
-0.003095,-0.000401,-0.002517
-0.002731,-0.002213,-0.002180
-0.001702,0.000401,-0.000676
-0.000469,0.002416,0.000527
-0.002463,0.001964,-0.000309
0.000870,0.000888,-0.000236
-0.003499,-0.000740,-0.000594
-0.001588,0.002306,-0.001096
-0.003748,0.001574,-0.000460
-0.002124,0.003055,0.002093
-0.000610,0.002768,-0.000501
-0.002291,0.001188,-0.000688
-0.002034,0.001523,-0.000657
-0.001676,-0.000610,-0.000754
-0.000506,0.002753,0.000358
-0.176946,0.053877,-0.564489
-0.048976,0.079036,-0.374041
-0.138950,0.051191,-0.459590
-0.055744,0.070802,-0.599430
-0.112897,0.048992,-0.559467
-0.001958,0.052826,-0.434417
-0.070356,0.033269,-0.434289
-0.093337,0.050756,-0.479531
-0.018339,0.045044,-0.511499
-0.143475,0.069098,-0.658557
-0.079594,0.072080,-0.519864
-0.099945,0.062460,-0.361229
-0.369982,0.000854,-0.833212
-0.092627,0.008148,-0.624824
-0.275537,0.019298,-0.754666
-0.084565,0.011451,-0.847531
-0.235939,0.022318,-0.786376
0.008357,0.011940,-0.674488
-0.129430,-0.002243,-0.715700
-0.172684,0.051948,-0.724168
-0.060543,0.048764,-0.731160
-0.271267,0.039237,-0.907521
-0.145608,0.029314,-0.822190
-0.221494,0.019261,-0.667376
-0.230946,0.062565,0.658375
-0.198460,0.035605,0.751435
-0.271523,0.098854,0.739971
-0.136098,0.029184,0.658131
-0.231777,-0.080477,0.667018
-0.125139,-0.066385,0.731022
-0.230838,-0.278920,0.743876
-0.265724,0.001638,0.724450
-0.151559,0.107688,0.711412
-0.180935,0.133638,0.622424
-0.220870,0.143444,0.705317
-0.262134,-0.093647,0.770279
-0.134361,-0.248364,0.681969
-0.103321,-0.315673,0.692801
-0.148624,-0.245663,0.706055
-0.054451,-0.078975,0.682557
-0.118430,-0.404864,0.653522
-0.049124,-0.421253,0.706959
-0.123625,-0.589785,0.661220
-0.165087,-0.370400,0.695307
-0.044677,-0.184251,0.705284
-0.088491,-0.038305,0.636004
-0.136890,-0.090127,0.699483
-0.140829,-0.451980,0.721392
0.001311,-0.000831,-0.001066
-0.000603,-0.001346,-0.001825
0.002708,-0.002058,-0.001723
-0.001584,-0.003461,-0.001805
0.000395,-0.001556,-0.002719
-0.001965,-0.001984,-0.002032
-0.000127,-0.001456,0.000419
0.001292,-0.000668,-0.002075
-0.000720,-0.001933,-0.002271
-0.000236,-0.001453,-0.002290
-0.000009,-0.003022,-0.002115
0.001155,-0.001025,-0.001041
-0.000330,0.003906,0.000989
-0.001698,0.003524,0.001163
0.000930,0.002724,0.000967
-0.002463,0.000932,-0.000106
-0.001075,0.003280,-0.000591
-0.002469,0.002922,0.000659
-0.001268,0.003488,0.003203
-0.000155,0.004111,0.000596
-0.001522,0.002677,0.000106
-0.001686,0.003194,-0.000733
-0.001170,0.001526,0.000133
-0.000288,0.003760,0.002037
0.005064,-0.004851,0.003175
0.002697,-0.005416,0.001562
0.006627,-0.006660,0.001742
0.001515,-0.008049,0.002204
0.003684,-0.004710,0.001627
0.000973,-0.005706,0.001654
0.002999,-0.003557,0.004108
0.004827,-0.004394,0.001635
0.002779,-0.006018,0.001714
0.003552,-0.005819,0.002760
0.003631,-0.008294,0.001555
0.004988,-0.004219,0.001968
0.005305,-0.000624,0.003574
0.003742,-0.001173,0.003586
0.007059,-0.002119,0.003261
0.002937,-0.003929,0.002686
0.004267,-0.001589,0.002234
0.002684,-0.002241,0.002685
0.004264,-0.001497,0.005262
0.005452,-0.000552,0.002840
0.003697,-0.002209,0.002332
0.003953,-0.001491,0.002575
0.004194,-0.003126,0.002867
0.005439,-0.000809,0.004255
0.001294,-0.002360,0.000392
-0.000704,-0.002893,-0.000521
0.002691,-0.003533,-0.000340
-0.001741,-0.004902,-0.000278
0.000389,-0.003155,-0.001306
-0.002157,-0.003563,-0.000654
-0.000208,-0.003173,0.001770
0.001242,-0.002222,-0.000708
-0.000897,-0.003405,-0.000843
-0.000351,-0.002935,-0.000879
-0.000129,-0.004399,-0.000664
0.001088,-0.002632,0.000270
0.001602,0.000691,0.001472
-0.000238,0.000227,0.000901
0.002930,-0.000578,0.000947
-0.001207,-0.002134,0.000560
0.000674,0.000131,-0.000176
-0.001454,-0.000349,0.000653
0.000195,0.000375,0.003155
0.001570,0.000900,0.000597
-0.000225,-0.000463,0.000345
0.000037,-0.000005,0.000086
0.000385,-0.001708,0.000424
0.001504,0.000622,0.001697
-0.000701,0.001893,-0.000286
-0.002460,0.001435,-0.000556
0.000647,0.000598,-0.000674
-0.003360,-0.001053,-0.001240
-0.001647,0.001281,-0.001876
-0.003600,0.000816,-0.000972
-0.002030,0.001586,0.001501
-0.000689,0.002102,-0.001039
-0.002394,0.000710,-0.001335
-0.002116,0.001209,-0.001562
-0.001841,-0.000544,-0.001282
-0.000804,0.001881,0.000201
-0.002782,0.007618,0.001173
-0.004701,0.007348,0.001840
-0.001088,0.006090,0.001291
-0.005594,0.003881,0.000148
-0.004064,0.006500,-0.000407
-0.005904,0.006214,0.000585
-0.004306,0.006842,0.003197
-0.002851,0.007694,0.000592
-0.004526,0.005946,0.000088
-0.004103,0.006616,0.000150
-0.004109,0.004917,0.000609
-0.002802,0.007857,0.002520
-0.001242,-0.000210,-0.000916
-0.003244,-0.000713,-0.001690
0.000131,-0.001408,-0.001574
-0.004280,-0.002854,-0.001639
-0.002194,-0.000942,-0.002587
-0.004620,-0.001390,-0.001890
-0.002763,-0.000883,0.000557
-0.001327,-0.000051,-0.001950
-0.003380,-0.001295,-0.002110
-0.002918,-0.000821,-0.002198
-0.002659,-0.002350,-0.001944
-0.001444,-0.000406,-0.000906
-0.000448,0.002975,0.002065
-0.002354,0.002507,0.001358
0.000883,0.001624,0.001434
-0.003357,0.000022,0.001082
-0.001440,0.002581,0.000421
-0.003608,0.002007,0.001166
-0.001951,0.003005,0.003692
-0.000524,0.003238,0.001118
-0.002293,0.001805,0.000901
-0.002031,0.002204,0.000744
-0.001670,0.000359,0.000921
-0.000528,0.003047,0.002107
